id,data_inversa,dia_semana,horario,uf,br,km,municipio,causa_acidente,tipo_acidente,classificacao_acidente,fase_dia,sentido_via,condicao_metereologica,tipo_pista,tracado_via,uso_solo,pessoas,mortos,feridos_leves,feridos_graves,ilesos,ignorados,feridos,veiculos,latitude,longitude,regional,delegacia,uop
653537,2025-01-06,segunda-feira,15:20:00,RJ,101,398,ITAGUAI,Condutor Dormindo,Colisão traseira,Com Vítimas Feridas,Pleno dia,Decrescente,Céu Claro,Dupla,Reta,Sim,5,0,2,0,2,2,2,5,"-22,86787912","-43,74862922",SPRF-RJ,DEL03-RJ,UOP01-DEL03-RJ
653539,2025-01-06,segunda-feira,16:30:00,GO,20,"150,5",FLORES DE GOIAS,Demais falhas mecânicas ou elétricas,Colisão frontal,Com Vítimas Feridas,Pleno dia,Crescente,Nublado,Simples,Aclive;Reta,Não,7,0,4,0,2,1,4,4,"-14,697994","-46,648884",SPRF-DF,DEL02-DF,UOP03-DEL02-DF
653542,2025-01-06,segunda-feira,15:30:00,PR,373,453,CHOPINZINHO,Acessar a via sem observar a presença dos outros veículos,Colisão transversal,Com Vítimas Feridas,Pleno dia,Crescente,Céu Claro,Simples,Interseção de Vias,Não,8,0,0,1,6,2,1,4,"-25,89898392","-52,37329602",SPRF-PR,DEL02-PR,UOP01-DEL02-PR
653543,2025-01-06,segunda-feira,16:30:00,RJ,116,179,BELFORD ROXO,Ausência de reação do condutor,Colisão traseira,Com Vítimas Feridas,Pleno dia,Crescente,Céu Claro,Dupla,Reta,Sim,3,0,1,1,1,0,2,3,"-22,769902","-43,408036",SPRF-RJ,DEL06-RJ,UOP01-DEL06-RJ
653548,2025-01-06,segunda-feira,13:00:00,MG,262,"583,3",CAMPOS ALTOS,Ultrapassagem Indevida,Tombamento,Com Vítimas Feridas,Pleno dia,Decrescente,Sol,Simples,Curva,Não,3,0,2,0,0,1,2,2,"-19,649634","-46,080652",SPRF-MG,DEL08-MG,UOP02-DEL08-MG
653549,2025-01-06,segunda-feira,16:15:00,SC,101,76,ARAQUARI,Demais falhas mecânicas ou elétricas,Incêndio,Sem Vítimas,Pleno dia,Decrescente,Céu Claro,Dupla,Reta,Não,2,0,0,0,1,1,0,2,"-26,55954801","-48,72063404",SPRF-SC,DEL03-SC,UOP02-DEL03-SC
653553,2025-01-06,segunda-feira,17:20:00,PB,104,"132,5",QUEIMADAS,Demais falhas mecânicas ou elétricas,Saída de leito carroçável,Com Vítimas Feridas,Anoitecer,Crescente,Céu Claro,Simples,Reta,Sim,3,0,0,1,2,0,1,3,"-7,30787596","-35,89344027",SPRF-PB,DEL02-PB,UOP03-DEL02-PB
653559,2025-01-06,segunda-feira,15:00:00,MG,251,"354,1",PADRE CARVALHO,Reação tardia ou ineficiente do condutor,Tombamento,Com Vítimas Feridas,Pleno dia,Crescente,Nublado,Simples,Reta;Declive,Não,2,0,1,0,0,1,1,2,"-16,2857962","-42,5422384",SPRF-MG,DEL12-MG,UOP02-DEL12-MG
653567,2025-01-06,segunda-feira,18:25:00,BA,116,462,SANTO ESTEVAO,Acessar a via sem observar a presença dos outros veículos,Colisão lateral mesmo sentido,Com Vítimas Feridas,Plena Noite,Crescente,Céu Claro,Dupla,Reta,Sim,2,0,1,0,1,0,1,2,"-12,45182","-39,253353",SPRF-BA,DEL02-BA,UOP01-DEL02-BA
653568,2025-01-06,segunda-feira,18:00:00,SC,101,"375,3",ICARA,Manobra de mudança de faixa,Colisão lateral mesmo sentido,Com Vítimas Feridas,Anoitecer,Decrescente,Céu Claro,Múltipla,Reta,Não,3,0,1,0,1,1,1,3,"-28,72014713","-49,23508784",SPRF-SC,DEL02-SC,UOP01-DEL02-SC
653574,2025-01-06,segunda-feira,12:30:00,BA,349,1007,CORRENTINA,Reação tardia ou ineficiente do condutor,Saída de leito carroçável,Com Vítimas Feridas,Pleno dia,Decrescente,Céu Claro,Simples,Reta,Não,10,0,1,1,7,1,2,3,"-13,798735","-46,164127",SPRF-BA,DEL10-BA,UOP02-DEL10-BA
653576,2025-01-06,segunda-feira,13:00:00,MG,40,"258,5",SAO GONCALO DO ABAETE,Pedestre andava na pista,Atropelamento de Pedestre,Com Vítimas Fatais,Pleno dia,Decrescente,Céu Claro,Simples,Declive;Reta,Não,3,1,0,0,1,1,0,2,"-18,13657095","-45,37279299",SPRF-MG,DEL14-MG,UOP02-DEL14-MG
653583,2025-01-06,segunda-feira,19:30:00,SE,101,"145,7",ESTANCIA,Afundamento ou ondulação no pavimento,Queda de ocupante de veículo,Com Vítimas Fatais,Plena Noite,Decrescente,Céu Claro,Dupla,Reta,Não,2,1,0,0,0,1,0,2,"-11,22094463","-37,41933749",SPRF-SE,DEL02-SE,UOP01-DEL02-SE
653589,2025-01-06,segunda-feira,20:05:00,PE,232,251,ARCOVERDE,Reação tardia ou ineficiente do condutor,Tombamento,Com Vítimas Feridas,Plena Noite,Decrescente,Céu Claro,Simples,Curva,Não,2,0,1,0,1,0,1,1,"-8,429241","-37,060127",SPRF-PE,DEL04-PE,UOP02-DEL04-PE
653593,2025-01-06,segunda-feira,20:00:00,MG,153,129,PRATA,Chuva,Colisão traseira,Com Vítimas Feridas,Plena Noite,Crescente,Chuva,Dupla,Reta,Não,3,0,1,0,2,0,1,2,"-19,47713595","-48,86719852",SPRF-MG,DEL15-MG,UOP03-DEL15-MG
653595,2025-01-06,segunda-feira,21:20:00,PR,277,"2,1",PARANAGUA,Desrespeitar a preferência no cruzamento,Colisão transversal,Com Vítimas Feridas,Plena Noite,Crescente,Nublado,Simples,Interseção de Vias;Reta,Sim,3,0,1,0,1,5,1,7,"-25,508003","-48,528306",SPRF-PR,DEL01-PR,UOP05-DEL01-PR
653598,2025-01-06,segunda-feira,19:20:00,MT,70,300,PRIMAVERA DO LESTE,Demais falhas mecânicas ou elétricas,Eventos atípicos,Com Vítimas Feridas,Plena Noite,Decrescente,Nevoeiro/Neblina,Simples,Declive;Reta,Não,2,0,1,0,0,1,1,2,"-15,57911988","-54,47201099",SPRF-MT,DEL05-MT,UOP01-DEL05-MT
653599,2025-01-06,segunda-feira,18:50:00,MT,70,126,GENERAL CARNEIRO,Pedestre andava na pista,Atropelamento de Pedestre,Com Vítimas Fatais,Plena Noite,Crescente,Nublado,Simples,Reta,Não,3,1,0,0,0,2,0,2,"-15,58797578","-53,17073277",SPRF-MT,DEL07-MT,UOP01-DEL07-MT
653601,2025-01-06,segunda-feira,22:40:00,DF,40,7,BRASILIA,Acessar a via sem observar a presença dos outros veículos,Colisão lateral mesmo sentido,Com Vítimas Feridas,Plena Noite,Crescente,Céu Claro,Dupla,Reta,Sim,4,0,1,0,3,0,1,2,"-16,04532081","-47,98077556",SPRF-DF,DEL01-DF,UOP01-DEL01-DF
653602,2025-01-06,segunda-feira,21:00:00,PR,153,210,TIBAGI,Transitar na contramão,Colisão frontal,Com Vítimas Fatais,Plena Noite,Decrescente,Céu Claro,Simples,Curva;Declive,Não,4,1,0,0,1,2,0,4,"-24,55321275","-50,45677185",SPRF-PR,DEL03-PR,UOP02-DEL03-PR
653603,2025-01-06,segunda-feira,19:15:00,RR,174,314,CARACARAI,Pedestre - Ingestão de álcool/ substâncias psicoativas,Atropelamento de Pedestre,Com Vítimas Fatais,Plena Noite,Crescente,Céu Claro,Simples,Reta,Não,2,1,0,0,0,1,0,2,"1,481293","-60,905197",SPRF-RR,DEL01-RR,UOP01-DEL01-RR
653606,2025-01-06,segunda-feira,08:40:00,BA,324,610,SIMOES FILHO,Problema com o freio,Engavetamento,Sem Vítimas,Pleno dia,Crescente,Céu Claro,Simples,Reta,Não,3,0,0,0,3,0,0,3,"-12,82931703","-38,41113193",SPRF-BA,DEL01-BA,UOP01-DEL01-BA
653607,2025-01-06,segunda-feira,23:54:00,PR,116,75,QUATRO BARRAS,Objeto estático sobre o leito carroçável,Colisão com objeto,Com Vítimas Feridas,Plena Noite,Crescente,Nublado,Dupla,Reta,Não,5,0,1,0,3,1,1,3,"-25,37129423","-49,04588263",SPRF-PR,DEL01-PR,UOP02-DEL01-PR
653608,2025-01-07,terça-feira,02:00:00,SP,116,440,REGISTRO,Pedestre cruzava a pista fora da faixa,Atropelamento de Pedestre,Com Vítimas Feridas,Plena Noite,Decrescente,Céu Claro,Dupla,Reta,Não,2,0,0,1,1,0,1,2,"-24,46159507","-47,81713991",SPRF-SP,DEL05-SP,UOP01-DEL05-SP
653615,2025-01-07,terça-feira,00:10:00,SP,116,511,CAJATI,Reação tardia ou ineficiente do condutor,Tombamento,Com Vítimas Feridas,Plena Noite,Decrescente,Garoa/Chuvisco,Simples,Curva,Não,1,0,0,1,0,0,1,1,"-24,83558399","-48,2223738",SPRF-SP,DEL05-SP,UOP02-DEL05-SP
653617,2025-01-07,terça-feira,06:40:00,SC,470,56,BLUMENAU,Demais falhas mecânicas ou elétricas,Incêndio,Sem Vítimas,Pleno dia,Crescente,Céu Claro,Múltipla,Reta,Sim,1,0,0,0,1,0,0,1,"-26,87674","-49,127743",SPRF-SC,DEL04-SC,UOP01-DEL04-SC
653622,2025-01-07,terça-feira,05:00:00,BA,407,175,PONTO NOVO,Ausência de reação do condutor,Colisão traseira,Com Vítimas Feridas,Amanhecer,Decrescente,Céu Claro,Simples,Reta,Não,2,0,0,2,0,0,2,2,"-10,88405899","-40,10993487",SPRF-BA,DEL04-BA,UOP02-DEL04-BA
653636,2025-01-03,sexta-feira,09:40:00,CE,116,19,EUSEBIO,Manobra de mudança de faixa,Colisão lateral mesmo sentido,Sem Vítimas,Pleno dia,Decrescente,Céu Claro,Dupla,Reta,Sim,3,0,0,0,2,1,0,3,"-3,918503","-38,50736976",SPRF-CE,DEL01-CE,UOP02-DEL01-CE
653640,2025-01-07,terça-feira,09:40:00,SE,101,"124,9",ITAPORANGA DAJUDA,Mal súbito do condutor,Saída de leito carroçável,Com Vítimas Feridas,Pleno dia,Crescente,Céu Claro,Dupla,Reta,Não,4,0,1,2,0,1,3,2,"-11,0497","-37,364988",SPRF-SE,DEL02-SE,UOP01-DEL02-SE
653644,2025-01-07,terça-feira,08:50:00,MG,251,"288,6",SALINAS,Demais falhas mecânicas ou elétricas,Incêndio,Sem Vítimas,Pleno dia,Crescente,Céu Claro,Simples,Reta;Declive,Não,1,0,0,0,1,0,0,1,"-16,04478237","-42,14449883",SPRF-MG,DEL12-MG,UOP02-DEL12-MG
653646,2025-01-06,segunda-feira,11:30:00,MG,40,"311,5",TRES MARIAS,Ingestão de álcool pelo condutor,Colisão lateral mesmo sentido,Sem Vítimas,Pleno dia,Crescente,Céu Claro,Simples,Reta,Não,4,0,0,0,3,1,0,3,"-18,440416","-45,07127",SPRF-MG,DEL14-MG,UOP02-DEL14-MG
653647,2025-01-06,segunda-feira,23:00:00,TO,153,360,FORTALEZA DO TABOCAO,Reação tardia ou ineficiente do condutor,Capotamento,Com Vítimas Feridas,Plena Noite,Decrescente,Céu Claro,Simples,Reta,Sim,3,0,2,0,0,1,2,2,"-9,06426723","-48,52025097",SPRF-TO,DEL02-TO,UOP02-DEL02-TO
653649,2025-01-07,terça-feira,10:00:00,RN,304,38,MOSSORO,Condutor deixou de manter distância do veículo da frente,Colisão transversal,Com Vítimas Feridas,Pleno dia,Decrescente,Céu Claro,Simples,Reta,Sim,2,0,1,0,0,1,1,2,"-5,18138457","-37,36832252",SPRF-RN,DEL04-RN,UOP02-DEL04-RN
653650,2025-01-07,terça-feira,08:10:00,AL,101,149,JEQUIA DA PRAIA,Velocidade Incompatível,Tombamento,Com Vítimas Feridas,Pleno dia,Crescente,Céu Claro,Dupla,Declive;Curva,Não,2,0,1,0,0,1,1,2,"-9,89022377","-36,13489151",SPRF-AL,DEL02-AL,UOP02-DEL02-AL
653655,2025-01-07,terça-feira,08:20:00,SP,116,"52,4",LORENA,Condutor Dormindo,Colisão traseira,Sem Vítimas,Pleno dia,Crescente,Céu Claro,Dupla,Reta,Sim,2,0,0,0,2,0,0,2,"-22,74708138","-45,09973038",SPRF-SP,DEL08-SP,UOP02-DEL08-SP
653661,2025-01-07,terça-feira,08:40:00,SC,470,"109,3",APIUNA,Ingestão de álcool pelo condutor,Colisão lateral sentido oposto,Com Vítimas Feridas,Pleno dia,Crescente,Céu Claro,Simples,Reta,Não,3,0,1,0,1,1,1,3,"-27,083876","-49,449543",SPRF-SC,DEL04-SC,UOP02-DEL04-SC
653663,2025-01-07,terça-feira,10:45:00,ES,393,"1,3",CACHOEIRO DE ITAPEMIRIM,Ausência de reação do condutor,Colisão traseira,Com Vítimas Feridas,Pleno dia,Crescente,Céu Claro,Simples,Reta,Sim,3,0,0,1,1,1,1,3,"-20,83723289","-41,16733095",SPRF-ES,DEL03-ES,UOP02-DEL03-ES
653668,2025-01-07,terça-feira,12:30:00,BA,116,493,RAFAEL JAMBEIRO,Acessar a via sem observar a presença dos outros veículos,Colisão traseira,Com Vítimas Feridas,Pleno dia,Crescente,Céu Claro,Dupla,Reta,Não,7,0,1,0,5,2,1,4,"-12,56115018","-39,47426391",SPRF-BA,DEL02-BA,UOP01-DEL02-BA
653671,2025-01-07,terça-feira,10:00:00,MG,50,"122,9",UBERABA,Reação tardia ou ineficiente do condutor,Colisão lateral mesmo sentido,Com Vítimas Feridas,Pleno dia,Crescente,Nublado,Dupla,Reta,Não,5,0,1,0,3,1,1,3,"-19,32486914","-48,10279232",SPRF-MG,DEL13-MG,UOP01-DEL13-MG
653672,2025-01-07,terça-feira,12:55:00,MG,381,363,JOAO MONLEVADE,Ausência de reação do condutor,Colisão traseira,Com Vítimas Feridas,Pleno dia,Crescente,Garoa/Chuvisco,Simples,Curva;Declive,Não,3,0,0,1,1,2,1,4,"-19,85130197","-43,24808594",SPRF-MG,DEL03-MG,UOP01-DEL03-MG
653674,2025-01-07,terça-feira,13:15:00,RS,116,"505,5",PELOTAS,Demais falhas mecânicas ou elétricas,Incêndio,Sem Vítimas,Pleno dia,Crescente,Sol,Dupla,Reta,Não,1,0,0,0,1,0,0,1,"-31,58853468","-52,27995231",SPRF-RS,DEL07-RS,UOP01-DEL07-RS
653676,2025-01-07,terça-feira,10:40:00,PA,163,146,ALTAMIRA,Objeto estático sobre o leito carroçável,Colisão com objeto,Com Vítimas Feridas,Pleno dia,Decrescente,Sol,Simples,Reta,Não,3,0,1,0,1,3,1,5,"-8,42387326","-55,10583265",SPRF-MT,DEL06-MT,UOP03-DEL06-MT
653680,2025-01-07,terça-feira,13:20:00,RS,386,"215,2",TIO HUGO,Acessar a via sem observar a presença dos outros veículos,Colisão transversal,Com Vítimas Feridas,Pleno dia,Decrescente,Céu Claro,Simples,Reta,Não,6,0,3,0,2,1,3,4,"-28,57666","-52,596031",SPRF-RS,DEL04-RS,UOP03-DEL04-RS
653681,2025-01-07,terça-feira,12:10:00,SP,116,221,GUARULHOS,Transtornos Mentais (exceto suicidio),Queda de ocupante de veículo,Com Vítimas Feridas,Pleno dia,Decrescente,Céu Claro,Múltipla,Reta;Em Obras,Não,2,0,1,0,0,1,1,1,"-23,46802395","-46,50704901",SPRF-SP,DEL01-SP,UOP01-DEL01-SP
653683,2025-01-07,terça-feira,12:04:00,RO,319,63,PORTO VELHO,Suicídio (presumido),Atropelamento de Pedestre,Com Vítimas Fatais,Pleno dia,Crescente,Nublado,Dupla,Reta,Sim,3,1,0,0,2,0,0,2,"-8,75535356","-63,8869518",SPRF-RO,DEL01-RO,UOP01-DEL01-RO
653692,2025-01-07,terça-feira,09:30:00,BA,116,272,TUCANO,Transitar na contramão,Colisão frontal,Com Vítimas Fatais,Pleno dia,Crescente,Céu Claro,Simples,Reta,Não,2,1,0,0,1,0,0,2,"-10,936705","-38,81187",SPRF-BA,DEL07-BA,UOP02-DEL07-BA
653698,2025-01-07,terça-feira,13:30:00,RJ,101,385,RIO DE JANEIRO,Ausência de reação do condutor,Colisão transversal,Com Vítimas Feridas,Pleno dia,Crescente,Céu Claro,Múltipla,Retorno Regulamentado;Reta,Não,5,0,2,0,3,0,2,4,"-22,88064129","-43,63218994",SPRF-RJ,DEL03-RJ,UOP01-DEL03-RJ
653699,2025-01-07,terça-feira,14:20:00,PR,277,"365,8",GUARAPUAVA,Ultrapassagem Indevida,Colisão frontal,Com Vítimas Feridas,Pleno dia,Crescente,Sol,Simples,Aclive;Reta,Não,2,0,0,2,0,0,2,2,"-25,43214305","-51,60777698",SPRF-PR,DEL08-PR,UOP01-DEL08-PR
653703,2025-01-07,terça-feira,15:00:00,RS,285,"636,7",SANTO ANTONIO DAS MISSOES,Manobra de mudança de faixa,Colisão lateral sentido oposto,Com Vítimas Feridas,Pleno dia,Decrescente,Céu Claro,Simples,Reta,Não,1,0,1,0,0,0,1,1,"-28,58466","-55,626167",SPRF-RS,DEL12-RS,UOP01-DEL12-RS
653704,2025-01-04,sábado,01:30:00,PR,476,80,BOCAIUVA DO SUL,Demais falhas mecânicas ou elétricas,Incêndio,Sem Vítimas,Plena Noite,Decrescente,Nublado,Simples,Curva,Não,1,0,0,0,1,0,0,1,"-25,122978","-49,099415",SPRF-PR,DEL01-PR,UOP01-DEL01-PR
653709,2025-01-07,terça-feira,14:30:00,RS,116,"116,4",SAO MARCOS,Acessar a via sem observar a presença dos outros veículos,Colisão transversal,Com Vítimas Feridas,Pleno dia,Decrescente,Céu Claro,Simples,Curva;Aclive,Sim,2,0,1,0,0,1,1,2,"-28,97609141","-51,06640231",SPRF-RS,DEL05-RS,UOP01-DEL05-RS
653710,2025-01-07,terça-feira,15:30:00,MG,116,"275,5",TEOFILO OTONI,Faixas de trânsito com largura insuficiente,Colisão lateral mesmo sentido,Com Vítimas Feridas,Pleno dia,Decrescente,Nublado,Dupla,Reta,Sim,2,0,1,0,0,1,1,2,"-17,846454","-41,51549",SPRF-MG,DEL11-MG,UOP01-DEL11-MG
653712,2025-01-07,terça-feira,15:50:00,SC,282,"3,2",FLORIANOPOLIS,Conversão proibida,Colisão lateral mesmo sentido,Com Vítimas Feridas,Pleno dia,Crescente,Nublado,Múltipla,Reta,Sim,2,0,0,1,1,0,1,2,"-27,600384","-48,599705",SPRF-SC,DEL01-SC,UOP01-DEL01-SC
653714,2025-01-07,terça-feira,16:15:00,RS,116,252,SAPUCAIA DO SUL,Condutor deixou de manter distância do veículo da frente,Colisão traseira,Com Vítimas Feridas,Pleno dia,Decrescente,Céu Claro,Dupla,Reta,Sim,4,0,1,0,3,0,1,2,"-29,80913395","-51,1675292",SPRF-RS,DEL01-RS,UOP02-DEL01-RS
653715,2025-01-07,terça-feira,15:48:00,BA,101,148,TEODORO SAMPAIO,Frear bruscamente,Saída de leito carroçável,Sem Vítimas,Pleno dia,Crescente,Céu Claro,Simples,Reta;Declive,Não,1,0,0,0,1,0,0,1,"-12,28365012","-38,69865417",SPRF-BA,DEL01-BA,UOP04-DEL01-BA
653728,2025-01-07,terça-feira,13:55:00,PR,277,"508,2",GUARANIACU,Transitar na contramão,Colisão frontal,Com Vítimas Feridas,Pleno dia,Decrescente,Sol,Simples,Curva;Aclive,Não,6,0,4,0,1,3,4,5,"-25,12868099","-52,73870599",SPRF-PR,DEL04-PR,UOP04-DEL04-PR
653731,2025-01-07,terça-feira,14:00:00,PI,343,492,AMARANTE,Demais falhas mecânicas ou elétricas,Colisão com objeto,Com Vítimas Feridas,Pleno dia,Crescente,Céu Claro,Simples,Aclive;Reta,Não,2,0,1,1,0,0,2,1,"-6,251369","-42,734444",SPRF-PI,DEL01-PI,UOP02-DEL01-PI
653738,2025-01-07,terça-feira,14:52:00,BA,101,691,EUNAPOLIS,Pista Escorregadia,Saída de leito carroçável,Com Vítimas Feridas,Pleno dia,Crescente,Garoa/Chuvisco,Simples,Curva;Declive,Não,2,0,1,0,0,1,1,2,"-16,34155297","-39,58085475",SPRF-BA,DEL09-BA,UOP03-DEL09-BA
653739,2025-01-07,terça-feira,17:35:00,PE,101,78,JABOATAO DOS GUARARAPES,Trafegar com motocicleta (ou similar) entre as faixas,Colisão lateral mesmo sentido,Com Vítimas Fatais,Anoitecer,Decrescente,Céu Claro,Dupla,Reta,Sim,3,1,0,0,1,2,0,4,"-8,13496499","-34,94738614",SPRF-PE,DEL01-PE,UOP01-DEL01-PE
653744,2025-01-07,terça-feira,19:40:00,BA,101,869,TEIXEIRA DE FREITAS,Pedestre andava na pista,Atropelamento de Pedestre,Com Vítimas Fatais,Plena Noite,Crescente,Nublado,Simples,Reta,Não,3,1,0,0,1,1,0,3,"-17,477598","-39,70463",SPRF-BA,DEL09-BA,UOP02-DEL09-BA
653747,2025-01-07,terça-feira,17:24:00,MT,163,786,VERA,Manobra de mudança de faixa,Colisão frontal,Com Vítimas Fatais,Anoitecer,Crescente,Chuva,Simples,Reta,Não,3,1,1,0,0,3,1,5,"-12,28478231","-55,56112289",SPRF-MT,DEL06-MT,UOP02-DEL06-MT
653750,2025-01-07,terça-feira,17:00:00,MG,262,781,UBERABA,Ausência de reação do condutor,Colisão transversal,Com Vítimas Feridas,Pleno dia,Decrescente,Chuva,Simples,Curva;Declive,Não,6,0,5,1,0,0,6,2,"-19,75033611","-47,76840193",SPRF-MG,DEL13-MG,UOP01-DEL13-MG
653754,2025-01-07,terça-feira,19:40:00,PA,230,5,ALTAMIRA,Reação tardia ou ineficiente do condutor,Colisão lateral sentido oposto,Sem Vítimas,Plena Noite,Crescente,Céu Claro,Simples,Reta,Não,2,0,0,0,1,1,0,2,"-3,18687974","-52,20033646",SPRF-PA,DEL03-PA,UOP01-DEL03-PA
653759,2025-01-07,terça-feira,21:15:00,SP,116,220,GUARULHOS,Manobra de mudança de faixa,Colisão lateral mesmo sentido,Com Vítimas Feridas,Plena Noite,Crescente,Céu Claro,Múltipla,Reta;Em Obras,Sim,3,0,2,0,0,1,2,2,"-23,46472809","-46,49793962",SPRF-SP,DEL01-SP,UOP01-DEL01-SP
653760,2025-01-07,terça-feira,17:30:00,RO,364,422,JARU,Retorno proibido,Colisão lateral mesmo sentido,Sem Vítimas,Anoitecer,Decrescente,Nublado,Simples,Aclive;Retorno Regulamentado;Curva,Não,2,0,0,0,1,1,0,2,"-10,4597532","-62,4558043",SPRF-RO,DEL03-RO,UOP02-DEL03-RO
653763,2025-01-07,terça-feira,22:00:00,SP,116,"174,5",JACAREI,Reação tardia ou ineficiente do condutor,Colisão traseira,Com Vítimas Feridas,Plena Noite,Decrescente,Céu Claro,Dupla,Aclive,Não,2,0,1,0,1,0,1,2,"-23,32057287","-46,09074403",SPRF-SP,DEL02-SP,UOP01-DEL02-SP
653765,2025-01-07,terça-feira,20:00:00,SC,101,3,GARUVA,Demais falhas mecânicas ou elétricas,Incêndio,Sem Vítimas,Plena Noite,Crescente,Chuva,Dupla,Reta;Aclive,Não,2,0,0,0,1,2,0,3,"-26,00380807","-48,87233005",SPRF-SC,DEL03-SC,UOP01-DEL03-SC
653771,2025-01-07,terça-feira,22:30:00,MG,116,"794,7",ALEM PARAIBA,Velocidade Incompatível,Saída de leito carroçável,Com Vítimas Feridas,Plena Noite,Crescente,Chuva,Simples,Curva;Declive,Não,1,0,1,0,0,0,1,1,"-21,71949498","-42,72886698",SPRF-MG,DEL07-MG,UOP01-DEL07-MG
653773,2025-01-07,terça-feira,23:40:00,PR,277,102,SAO JOSE DOS PINHAIS,Reação tardia ou ineficiente do condutor,Colisão lateral mesmo sentido,Sem Vítimas,Plena Noite,Crescente,Nublado,Dupla,Viaduto,Não,2,0,0,0,2,0,0,2,"-25,569698","-49,18132782",SPRF-PR,DEL01-PR,UOP06-DEL01-PR
653785,2025-01-08,quarta-feira,07:00:00,RS,386,"439,5",NOVA SANTA RITA,Manobra de mudança de faixa,Colisão lateral mesmo sentido,Com Vítimas Feridas,Pleno dia,Crescente,Céu Claro,Dupla,Declive;Reta;Ponte,Não,3,0,1,0,1,1,1,3,"-29,87693853","-51,24330467",SPRF-RS,DEL04-RS,UOP02-DEL04-RS
653787,2025-01-08,quarta-feira,06:40:00,RS,386,"110,1",SARANDI,Reação tardia ou ineficiente do condutor,Tombamento,Com Vítimas Feridas,Pleno dia,Decrescente,Céu Claro,Simples,Curva,Não,3,0,2,0,0,1,2,2,"-27,809111","-53,051529",SPRF-RS,DEL08-RS,UOP01-DEL08-RS
653790,2025-01-08,quarta-feira,07:25:00,SC,101,"144,6",ITAPEMA,Reação tardia ou ineficiente do condutor,Tombamento,Com Vítimas Feridas,Pleno dia,Decrescente,Garoa/Chuvisco,Dupla,Reta,Sim,2,0,0,1,1,0,1,2,"-27,0732659","-48,59672716",SPRF-SC,DEL04-SC,UOP03-DEL04-SC
653791,2025-01-08,quarta-feira,08:15:00,SC,101,"46,3",JOINVILLE,Velocidade Incompatível,Colisão traseira,Com Vítimas Feridas,Pleno dia,Decrescente,Garoa/Chuvisco,Dupla,Curva,Sim,2,0,1,0,1,0,1,2,"-26,36459827","-48,85838449",SPRF-SC,DEL03-SC,UOP01-DEL03-SC
653798,2025-01-08,quarta-feira,09:15:00,SE,101,85,NOSSA SENHORA DO SOCORRO,Acumulo de óleo sobre o pavimento,Tombamento,Com Vítimas Feridas,Pleno dia,Crescente,Céu Claro,Simples,Reta,Sim,3,0,1,0,1,1,1,3,"-10,85131425","-37,13656783",SPRF-SE,DEL01-SE,UOP01-DEL01-SE